IdProducto,Troquel,Codebar,Producto,Presentacion,IDLaboratorio,Laboratorio,Cantidad,Unidades,CantidadStock,UnidadesStock,CantidadDif,UnidadesDif,Costo,CostoPPP,Precio Venta
"1,0067E+15",5097631.0,"7,79533E+12",ACIFOL B12,comp.x 30,67.0,DOMÍNGUEZ,2,0,2,0,0,0,"14257,18","12426,78","17821,47"
1021203401,4634302.0,"7,79534E+12",ACIMED,20 mg caps.x 30,140.0,LEPETIT,3,0,3,0,0,0,10416,"7738,68",13020
1002108402,3366613.0,"7,79038E+12",ACTINERVAL,200 mg comp.x 60,21.0,BAGÓ,1,0,2,0,-1,0,"24637,19","22316,3","30796,49"
1010300128,5669971.0,"7,79218E+12",ADROMUX,150 mg comp.x 1,103.0,GADOR,1,0,4,0,-3,0,"24762,2","21225,12","30952,75"
1017900002,1067174.0,"7,79182E+12",ALDACTONE A,25 mg comp.x 20,179.0,PFIZER,1,0,1,0,0,0,"11667,63","10331,3","14584,54"
1017900081,1067175.0,"7,79538E+12",ALDACTONE A,25 mg comp.x 60,179.0,PFIZER,1,0,1,0,0,0,"27811,18","23966,28","34763,98"
1017900018,5307131.0,"7,79182E+12",ALDACTONE A,50 mg comp.x 30,179.0,PFIZER,1,0,3,0,-2,0,"24425,78","22124,8","30532,23"
1017900089,5847392.0,"7,79538E+12",ALDACTONE EP 50 MG,comp.x 30,914.0,ASPEN PHARMA,1,0,3,0,-2,0,"29023,2","24284,98",36279
1004500073,4767982.0,"7,79191E+12",ALERCAS,120 mg comp.x 10,45.0,CASASCO,1,0,1,0,0,0,"6364,29","5434,06","7955,36"
1004500074,4767984.0,"7,79191E+12",ALERCAS,120 mg comp.x 30,45.0,CASASCO,1,0,3,0,-2,0,"16813,67","15229,78","21017,09"
1015702702,2778073.0,"7,79218E+12",ALIDASE 500,comp.x 40,157.0,LABORATORIOS BE,1,0,1,0,0,0,"25665,18","21825,34","32081,47"
1012500154,6575972.0,"7,79813E+12",ALIDIAL,comp.rec.x 30,903.0,SIEGFRIED,1,0,1,0,0,0,"9487,54","7910,1","11859,42"
1019200061,5321712.0,"7,79808E+12",ALPERTAN,160 mg comp.rec.x 28,192.0,RAFFO,6,0,8,0,-2,0,"22258,74","20161,9","27823,42"
1019200198,6282422.0,"7,79808E+12",ALPERTAN,320 mg comp.rec.x 28,192.0,RAFFO,2,0,2,0,0,0,"23387,94","19995,81","29234,93"
1019200059,5321682.0,"7,79808E+12",ALPERTAN,80 mg comp.rec.x 28,192.0,RAFFO,7,0,7,0,0,0,"17239,29","15615,3","21549,11"
1010305406,3214306.0,"7,79218E+12",ALPLAX,0.50 mg comp.x 30,103.0,GADOR,1,0,4,0,-3,0,"3936,52","3565,69","4920,65"
1010305407,3214307.0,"7,79218E+12",ALPLAX,0.50 mg comp.x 60,103.0,GADOR,1,0,4,0,-3,0,"7197,87","6519,81","8997,34"
1010305402,3213817.0,"7,79218E+12",ALPLAX,1 mg comp.x 60,103.0,GADOR,1,0,5,0,-4,0,"11529,48","9963,76","14411,85"
1006000701,3614361.0,"7,79176E+12",AMINOTERAPIA,comp.x 90,193.0,RAYMOS-MEGALABS,1,0,1,0,0,0,"32361,93","26861,61","40452,41"
1017900035,3162833.0,"7,79538E+12",AMLOC,10 mg tab.x 60,914.0,ASPEN PHARMA,1,0,1,0,0,0,"39350,16","35643,26","49187,7"
1017900034,3162753.0,"7,79538E+12",AMLOC,5 mg tab.x 60,914.0,ASPEN PHARMA,1,0,3,0,-2,0,"22257,09","20160,41","27821,36"
1004510601,4657411.0,"7,79191E+12",AMPLIAR,10 mg comp.x 30,45.0,CASASCO,10,0,11,0,-1,0,"20701,16","18751,05","25876,45"
1004510602,4657591.0,"7,79191E+12",AMPLIAR,20 mg comp.x 30,45.0,CASASCO,6,0,5,0,1,0,"35249,77","31331,84","44062,21"
1004500185,5923682.0,"7,79191E+12",AMPLIAR,40 mg comp.x 30,45.0,CASASCO,3,0,3,0,0,0,"39492,73","35772,4","49365,91"
1004500132,5795681.0,"7,79191E+12",AMPLIAR PLUS,10/10 mg comp.x 30,45.0,CASASCO,1,0,1,0,0,0,"24433,53","21842,51","30541,91"
1003200011,4909702.0,"7,79533E+12",ANDROLONE,gel sob.x 30 x 5 g,32.0,BETA,2,0,4,0,-2,0,"46023,4","37545,17","57529,25"
1022600022,5356841.0,"7,79537E+12",ANFOLIC,5 mg comp.x 30,226.0,TRB-PHARMA,2,0,2,0,0,0,"7000,01","6074,89","8750,01"
1007900116,5439262.0,"7,79629E+12",ARAMIX,10 mg comp.rec.x 30,498.0,ELEA,1,0,3,0,-2,0,"24389,32","21158,96","30486,65"
1007900118,5439132.0,"7,79629E+12",ARAMIX,20 mg comp.rec.x 30,498.0,ELEA,4,0,4,0,0,0,"43803,76","26451,55","54754,7"
1022600076,6283392.0,"7,79537E+12",ARTRAIT,25 mg f.a.x 4,226.0,TRB-PHARMA,1,0,1,0,0,0,25920,"22369,57",32400
1022600091,4688604.0,"7,79537E+12",ARTRAIT SC,15 mg f.a.x 4,226.0,TRB-PHARMA,1,0,1,0,0,0,20240,"18333,33",25300
1022600092,4688785.0,"7,79537E+12",ARTRAIT SC,20 mg f.a.x 4,226.0,TRB-PHARMA,1,0,2,0,-1,0,20960,"17012,24",26200
1022601001,3772691.0,"7,79537E+12",ARTRODAR,50 mg caps.x 30,226.0,TRB-PHARMA,1,0,2,0,-1,0,16800,"14750,72",21000
1022600073,852742.0,"7,79537E+12",ARTRODAR GLUCO,caps.x 60,226.0,TRB-PHARMA,1,0,1,0,0,0,"21903,85","19210,59","27379,81"
1018000085,5500841.0,"7,79629E+12",ARVO,sol.oft.x 2.5 ml,498.0,ELEA,1,0,2,0,-1,0,"16451,21","14339,14","20564,01"
1013800139,5337972.0,"7,79535E+12",ASTENDE,10 mg comp.rec.x 28,138.0,LAZAR,1,0,1,0,0,0,"3449,2","3124,28","4311,5"
1019200095,3607512.0,"7,79808E+12",ATENIX,100 mg comp.ran.x 30,192.0,RAFFO,2,0,2,0,0,0,"28329,17","25660,48","35411,46"
1019205106,4695111.0,"7,79808E+12",ATENIX,25 mg comp.ran.x 30,192.0,RAFFO,1,0,1,0,0,0,"6146,7","5251,28","7683,38"
1019205102,3607432.0,"7,79808E+12",ATENIX,50 mg comp.ran.x 30,192.0,RAFFO,1,0,4,0,-3,0,"16618,85","15053,3","20773,56"
1003207602,4426661.0,"7,79533E+12",ATEROCLAR,20 mg comp.rec.x 30,32.0,BETA,1,0,2,0,-1,0,"22384,18","19077,59","27980,23"
1003207603,4426741.0,"7,79533E+12",ATEROCLAR,40 mg comp.rec.x 30,32.0,BETA,2,0,3,0,-1,0,"25786,14","23357,01","32232,68"
1049800065,6584713.0,"7,79629E+12",AUDAX,caps.x 30,498.0,ELEA,1,0,2,0,-1,0,"21816,75","18247,86","27270,94"
1002300352,6301846.0,"7,79534E+12",AUDIPAX MULTIDOSIS,24 mg comp.birranur.x 60,23.0,BALIARDA,1,0,1,0,0,0,"26540,86","23807,23","33176,08"
1051800083,5805131.0,"7,79533E+12",AXUAL,150 mg caps.x 30,518.0,TEVA ARGENTINA,1,0,2,0,-1,0,"39328,36",33893,"49160,45"
1002300210,5815421.0,"7,79534E+12",BANTUC MAX,150mg comp.x 1+ comp.x30,23.0,BALIARDA,1,0,1,0,0,0,"32584,33","29514,79","40730,41"
1002300142,5567423.0,"7,79534E+12",BIATRIX 100,100 mg comp.rec.ran.x 30,23.0,BALIARDA,1,0,2,0,-1,0,"46989,54","41175,73","58736,92"
1002300292,5567396.0,"7,79534E+12",BIATRIX 25,25 mg comp.rec.ran.x 60,23.0,BALIARDA,2,0,2,0,0,0,"45360,05","39772,19","56700,06"
1002300002,4765903.0,"7,79534E+12",BIDECAR,25 mg comp.ran.x 28,23.0,BALIARDA,1,0,2,0,-1,0,"11933,82","10607,4","14917,28"
1002300191,4765906.0,"7,79534E+12",BIDECAR,25 mg comp.ran.x 56,23.0,BALIARDA,1,0,2,0,-1,0,"18642,62","16453,44","23303,27"
1002300174,5914392.0,"7,79534E+12",BIDECAR CR,40 mg caps.lib.cont.x 28,23.0,BALIARDA,1,0,2,0,-1,0,"21382,83","18871,88","26728,54"
1002101202,704672.0,"7,79038E+12",BIL 13,comp.x 40,21.0,BAGÓ,1,0,1,0,0,0,"18749,16","15701,86","23436,45"
1010301001,350815.0,"7,79218E+12",BILETAN ENZIMATICO,comp.x 20,103.0,GADOR,1,0,3,0,-2,0,"6343,18","5663,16","7928,97"
1010300171,6051131.0,"7,79218E+12",BILETAN FORTE 200,comp.rec.x 20,103.0,GADOR,1,0,1,0,0,0,"20826,71","17901,56","26033,39"
1010300328,6440261.0,"7,79218E+12",BISOPIL,2.5 mg comp.rec.x 30,103.0,GADOR,1,0,2,0,-1,0,"5271,38","4774,8","6589,22"
1022602901,4704852.0,"7,79537E+12",BLASTOP,comp.rec.x 30,226.0,TRB-PHARMA,1,0,3,0,-2,0,"10495,8","8993,78","13119,75"
1002303506,3760633.0,"7,79534E+12",BLAVIN,5 mg comp.x 30,23.0,BALIARDA,1,0,1,0,0,0,"15326,6","12820,18","19158,25"
1004500320,6447002.0,"7,79191E+12",BLOKIUM B12 IM,iny.x 5,45.0,CASASCO,1,0,1,0,0,0,"22425,9","20313,32","28032,38"
1004507602,4569722.0,"7,79191E+12",BLOKIUM FLEX,comp.x 30,45.0,CASASCO,1,0,1,0,0,0,"15124,3","13699,54","18905,37"
1004502202,2301522.0,"7,79191E+12",BLOKIUM GESIC,50/400 mg comp.x 30,45.0,CASASCO,1,0,2,0,-1,0,"12660,86","11468,17","15826,08"
1010308201,4195164.0,"7,79218E+12",CALCIMAX,comp.rec.x 60,103.0,GADOR,1,0,1,0,0,0,"7530,12","6722,85","9412,65"
1010300169,5081334.0,"7,79218E+12",CALCIMAX D3 400,comp.x 60,103.0,GADOR,3,0,3,0,0,0,"10600,46","9377,6","13250,58"
1010300011,5024322.0,"7,79218E+12",CALCIMAX FORTE,comp.x 30,103.0,GADOR,1,0,1,0,0,0,"6605,53","5983,27","8256,91"
1009500096,5409263.0,"7,79117E+12",CALMADOR PLUS,comp.x 30,95.0,FINADIET,1,0,2,0,-1,0,"19131,71","17329,45","23914,64"
1002108602,3406043.0,"7,79038E+12",CARDIOREX,5 mg comp.x 30,21.0,BAGÓ,1,0,1,0,0,0,"11821,54","10637,93","14776,93"
1002100207,5080054.0,"7,79038E+12",CARVEDIL,12.5 mg comp.x 56,21.0,BAGÓ,2,0,2,0,0,0,"17691,83","15920,47","22114,79"
1002100395,5080055.0,"7,79038E+12",CARVEDIL,12.5 mg comp.x 60,21.0,BAGÓ,2,0,3,0,-1,0,"17770,49","16096,46","22213,11"
1002100011,5080102.0,"7,79038E+12",CARVEDIL,25 mg comp.x 28,21.0,BAGÓ,1,0,2,0,-1,0,"13824,03","12071,36","17280,04"
1005603401,4321881.0,"7,79223E+12",CIAGEN 600,600 mg comp.rec.x 30,56.0,CRAVERI,1,0,1,0,0,0,"27884,03","24079,02","34855,04"
1015100006,5241311.0,"7,79629E+12",CILOSTAL,100 mg comp.x 30,498.0,ELEA,2,0,3,0,-1,0,"24494,26","20548,54","30617,82"
1015100014,5241312.0,"7,79629E+12",CILOSTAL,100 mg comp.x 60,498.0,ELEA,1,0,1,0,0,0,"43841,67","38035,54","54802,09"
1019200337,6689263.0,"7,79808E+12",CLEDIUM,caps. x 30,192.0,RAFFO,1,0,1,0,0,0,"21790,53","19737,8","27238,16"
1002300237,5032893.0,"7,79534E+12",CLODREL,75 mg comp.rec.x 30,23.0,BALIARDA,3,0,4,0,-1,0,"33857,8","29700,78","42322,25"
1047800214,6757001.0,"7,79742E+12",CLONADANE,2 mg comp.x 30,478.0,ECZANE,1,0,0,0,1,0,"3921,25",0,"4901,56"
1002305106,4656842.0,"7,79534E+12",CLONAGIN 1,1 mg comp.x 60,23.0,BALIARDA,1,0,1,0,0,0,"10112,86","9160,2","12641,07"
1002300014,4423275.0,"7,79534E+12",CLONAGIN 2,2 mg comp.x 50,23.0,BALIARDA,1,0,1,0,0,0,"9293,28","8417,83","11616,6"
1022600059,864642.0,"7,79537E+12",CLOQ,comp.rec.x 20,226.0,TRB-PHARMA,3,0,3,0,0,0,"7200,01","5943,63","9000,01"
1015200601,3036521.0,"7,79838E+12",CO-RENITEC,10/25 mg comp.x 20,172.0,ORGANON ARG.,1,0,1,0,0,0,"6541,13","5589,56","8176,41"
1021200025,5927001.0,"7,79801E+12",COLIXANE DISTEN,comp.x 60 (30+30),212.0,SANITAS,1,0,2,0,-1,0,15616,"14144,93",19520
1019200087,5628841.0,"7,79808E+12",COLMIBE,20/10 mg comp.x 30,192.0,RAFFO,1,0,1,0,0,0,"34718,29","31447,73","43397,86"
1022908102,4049711.0,"7,79533E+12",COLPOTROPHINE,caps.vag.x 10,518.0,TEVA ARGENTINA,1,0,2,0,-1,0,"14842,5","11956,98","18553,13"
1022908101,4049631.0,"7,79533E+12",COLPOTROPHINE,cr.x 15 g,518.0,TEVA ARGENTINA,1,0,3,0,-2,0,"14555,3","12738,49","18194,12"
1002300220,5872683.0,"7,79534E+12",CONTINEX,15 mg comp.lib.prol.x 30,23.0,BALIARDA,1,0,1,0,0,0,"42001,92","36369,08","52502,4"
1020300358,4676308.0,"7,79535E+12",CORBIS,5 mg comp.rec.x 60,203.0,ROEMMERS,1,0,3,0,-2,0,"18528,52","15653,9","23160,65"
1004500169,5855711.0,"7,79191E+12",CORTICAS RETARD,iny.f.a.x 1 x 2 ml,45.0,CASASCO,1,0,2,0,-1,0,"7815,54","6854,56","9769,42"
1025900019,6032001.0,"7,79538E+12",COVERAM 10/5,10/5 comp.x 30,259.0,SERVIER,2,0,2,0,0,0,"42148,08","35985,44","52685,1"
1012000007,5135881.0,"7,7953E+12",CRESTOR,10 mg comp.x 28,120.0,ASTRAZENECA,1,0,1,0,0,0,"22306,22","20204,91","27882,78"
1003200150,4621855.0,"7,79533E+12",CRISTACLAR,10 mg comp.rec.x 30,32.0,BETA,1,0,1,0,0,0,"18391,74","15492,75","22989,68"
1004506302,4112152.0,"7,79191E+12",DANLOX,20 mg caps.x 28,45.0,CASASCO,3,0,2,0,1,0,"17109,94","15498,14","21387,43"
1004500377,4112234.0,"7,79191E+12",DANLOX,40 mg caps.x 30,45.0,CASASCO,1,0,1,0,0,0,"32502,54","28889,95","40628,17"
1016200105,5972001.0,"7,79538E+12",DBI AP 500,500 mg comp.rec.AP x 30,162.0,MONTPELLIER,1,0,1,0,0,0,"7055,02","6167,22","8818,77"
1016200106,5972002.0,"7,79538E+12",DBI AP 500,500 mg comp.rec.AP x 60,162.0,MONTPELLIER,2,0,3,0,-1,0,"13703,73","12412,8","17129,66"
1016200003,5118673.0,"7,79538E+12",DBI AP FORTE,1000 mg comp.rec.x 60,162.0,MONTPELLIER,2,0,4,0,-2,0,"19667,06","16936,49","24583,83"
1016200702,642962.0,"7,79538E+12",DBI METFORMINA,500 mg comp.x 100,162.0,MONTPELLIER,1,0,1,0,0,0,"13671,44","12205,8","17089,3"
1016200000,642963.0,"7,79538E+12",DBI METFORMINA,500 mg comp.x 60,162.0,MONTPELLIER,1,0,1,30,0,-30,"8203,34","7430,57","10254,18"
1019200232,6409421.0,"7,79808E+12",DEBLAX,caps.bl.x 1,192.0,RAFFO,1,0,1,0,0,0,"6994,76","6267,62","8743,45"
1019200233,6409422.0,"7,79808E+12",DEBLAX,caps.bl.x 2,192.0,RAFFO,1,0,2,0,-1,0,"10008,26","8396,29","12510,32"
1020302402,2806862.0,"7,79535E+12",DECIDEX COMPUESTO,gts.x 30 ml,203.0,ROEMMERS,1,0,1,0,0,0,"4410,1","3667,1","5512,62"
1019204503,3371563.0,"7,79808E+12",DELAK,comp.x 30,192.0,RAFFO,2,0,2,0,0,0,"13599,06","10964,33","16998,83"
1011702205,520852.0,"7,79629E+12",DELTISONA B,8 mg comp.x 20,498.0,ELEA,1,0,2,18,-1,-18,"12099,18","10959,4","15123,97"
1010300261,6065975.0,"7,79218E+12",DESLAFAX,100 mg comp.acc.prol.x30,103.0,GADOR,1,0,1,0,0,0,"31273,94","0,01","39092,42"
1002300387,6485712.0,"7,79534E+12",DEVISAL CB,caps.bl.x 2,23.0,BALIARDA,1,0,1,0,0,0,"9888,08","8956,59","12360,1"
1010300143,5445004.0,"7,79218E+12",DIABESIL,500 mg comp.rec.x 60,103.0,GADOR,1,0,1,0,0,0,"8246,1","7362,08","10307,62"
1010300145,5445264.0,"7,79218E+12",DIABESIL AP 1000,AP 1000 mg comp.rec.x60,103.0,GADOR,1,0,2,0,-1,0,"19707,06","17850,6","24633,83"
1025900017,5930841.0,"7,79538E+12",DIAMICRON MR 60,60 mg comp.lib.mod.x 30,259.0,SERVIER,2,0,5,0,-3,0,"32119,32","27489,18","40149,15"
1020206103,4213631.0,"7,79813E+12",DILATREND,6.25 mg comp.ran.x 28,903.0,SIEGFRIED,1,0,1,0,0,0,"7657,14","6935,81","9571,42"
1067900112,4213633.0,"7,79813E+12",DILATREND,6.25 mg comp.ran.x 30,903.0,SIEGFRIED,1,0,1,0,0,0,"7657,9","6936,5","9572,37"
1004500227,6159973.0,"7,79191E+12",DILCORAN,160 mg comp.rec.x 28,45.0,CASASCO,1,0,2,0,-1,0,"20978,3","19002,09","26222,88"
1004500453,6159975.0,"7,79191E+12",DILCORAN,160 mg comp.rec.x 30,45.0,CASASCO,1,0,2,0,-1,0,"21068,33","19083,63","26335,41"
1004500345,6159974.0,"7,79191E+12",DILCORAN,160 mg comp.rec.x 56,45.0,CASASCO,2,0,2,0,0,0,"42006,09","37551,62","52507,61"
1031300201,4289472.0,"7,79218E+12",DIOCAM,0.5 mg comp.x 30,103.0,GADOR,1,0,1,0,0,0,"5844,2","5293,66","7305,25"
1031300202,4289473.0,"7,79218E+12",DIOCAM,0.5 mg comp.x 50,103.0,GADOR,1,0,2,0,-1,0,"7758,46","6364,42","9698,07"
1004900002,5049792.0,"7,79531E+12",DIOVAN,80 mg comp.rec.x 28,903.0,SIEGFRIED,3,0,5,0,-2,0,"19387,55","16391,91","24234,44"
1002106011,3960612.0,"7,79038E+12",DIOXAFLEX,75 mg comp.x 30,21.0,BAGÓ,1,0,1,12,0,-12,"22581,02","20186,46","28226,28"
1002300242,5814973.0,"7,79534E+12",DISARVAL,160/5 mg comp.rec.x 30,23.0,BALIARDA,1,0,2,0,-1,0,"28144,4","25493,12","35180,5"
1002115302,658484.0,"7,79038E+12",DIUREX,50 mg comp.x 60,21.0,BAGÓ,1,0,1,0,0,0,"23079,72","20509,76","28849,65"
1007900064,5261821.0,"7,79629E+12",DIVINA,comp.rec.x 28,498.0,ELEA,1,0,3,0,-2,0,"16503,02","14948,39","20628,78"
1021700081,5716131.0,"7,79536E+12",DORZOFLAX,gts.oft.x 5 ml,217.0,SIDUS,1,0,1,0,0,0,"26860,62","22876,44","33575,78"
1010300096,5349004.0,"7,79218E+12",DRIMUX A,25 mg comp.x 30,103.0,GADOR,1,0,2,0,-1,0,"13384,5","12123,65","16730,63"
1005600149,6377421.0,"7,79802E+12",DULOXIN,30 mg caps.x 30,18.0,EUROFARMA,1,0,1,0,0,0,"37561,83","28444,04","46952,29"
1058100003,5225682.0,"7,79809E+12",EBIXA,10 mg comp.rec.x 28,581.0,LUNDBECK,3,0,3,0,0,0,"34019,01","29376,83","42523,76"
1058100007,5794002.0,"7,79809E+12",EBIXA,20 mg comp.rec.x 28,581.0,LUNDBECK,2,0,2,0,0,0,"49919,2","45216,67",62399
1021700041,5361422.0,"7,79536E+12",EFECORYL FORTE,susp.oft.x 10 ml,217.0,SIDUS,1,0,2,0,-1,0,"11832,94","10516,02","14791,18"
1010300017,4714674.0,"7,79218E+12",ELAFAX LP,150 mg caps.x 28,103.0,GADOR,2,0,5,0,-3,0,"19422,98","17214,48","24278,72"
1010300006,4519802.0,"7,79218E+12",ELAFAX XR,150 mg comp.x 28,103.0,GADOR,1,0,2,0,-1,0,"20467,54","12093,51","25584,43"
1020305101,4092102.0,"7,79535E+12",ENDIAL,2 mg comp.x 30,203.0,ROEMMERS,1,0,2,0,-1,0,"5909,76","4996,62","7387,2"
1020305102,4092103.0,"7,79535E+12",ENDIAL,2 mg comp.x 60,203.0,ROEMMERS,1,0,2,0,-1,0,"11772,16","9916,02","14715,2"
1007900319,788334.0,"7,79629E+12",EPAMIN,caps.x 60,498.0,ELEA,1,0,4,0,-3,0,"52898,8","43890,73","66123,5"
1010300162,5608394.0,"7,79218E+12",EPLERONA,25 mg comp.rec.x 30,103.0,GADOR,2,0,2,0,0,0,"17778,22","16103,46","22222,78"
1001800029,5433262.0,"7,79802E+12",ESOMAX,20 mg caps.x 28,18.0,EUROFARMA,1,0,1,0,0,0,"20824,24","17245,38","26030,3"
1012000026,5796681.0,"7,7953E+12",ETIASEL XR,400 mg comp.x 30,120.0,ASTRAZENECA,1,0,2,0,-1,0,"198615,22","145553,86","248269,02"
1015100048,5752551.0,"7,79629E+12",EUTHYROX,112 mcg comp.birran.x 50,498.0,ELEA,1,0,2,0,-1,0,"25207,55","22832,93","31509,44"
1015105904,4299611.0,"7,79629E+12",EUTHYROX,125 mcg comp.birran.x 50,498.0,ELEA,1,0,1,0,0,0,"26197,44","23729,57","32746,8"
1004900121,5913681.0,"7,79531E+12",EXFORGE D,160/12.5/5 mg comp.x 28,903.0,SIEGFRIED,1,0,1,0,0,0,"39556,39","33520,48","49445,49"
1010300170,5994264.0,"7,79218E+12",FEBUXTAT,80 mg comp.ran.x 30,103.0,GADOR,1,0,2,0,-1,0,"34264,45","30368,38","42830,56"
1007900100,5459421.0,"7,79629E+12",FEMOREL,150 mg comp.x 1,498.0,ELEA,1,0,1,0,0,0,"21772,74","19721,68","27215,92"
1031202703,4468322.0,"7,79805E+12",FENITOINA DENVER FARMA,100 mg caps.x 50,312.0,DENVER FARMA,3,0,4,0,-1,0,"36147,9","32742,67","45184,88"
1007900170,5159963.0,"7,79629E+12",FENSARTAN,50 mg comp.x 30,498.0,ELEA,1,0,4,0,-3,0,"14986,22","13574,47","18732,77"
1007900405,5159964.0,"7,79629E+12",FENSARTAN,50 mg comp.x 60,498.0,ELEA,1,0,4,0,-3,0,28517,"25830,62","35646,25"
1007900172,5212803.0,"7,79629E+12",FENSARTAN D,comp.x 30,498.0,ELEA,3,0,3,0,0,0,"17631,55","15669,28","22039,44"
1051810902,4778111.0,"7,79533E+12",FILARTROS,20 mg comp.rec.x 30,518.0,TEVA ARGENTINA,1,0,1,0,0,0,"23373,24","19787,7","29216,55"
1010300043,4878866.0,"7,79218E+12",FILTEN,3.125 mg comp.ran.x 60,103.0,GADOR,1,0,3,0,-2,0,"7146,68","6473,44","8933,35"
1010300266,5735426.0,"7,79218E+12",FILTEN,50 mg comp.ran.x 30,103.0,GADOR,1,0,1,0,0,0,"16529,63","14588,58","20662,04"
1013800147,5550131.0,"7,79535E+12",FIXERIL,100 mg comp.x 30,138.0,LAZAR,1,0,1,0,0,0,"18608,5","16855,53","23260,63"
1007900214,5205012.0,"7,79185E+12",FLEVOMAX,500 mg comp.rec.x 60,498.0,ELEA,1,0,1,0,0,0,"30007,55","24322,82","37509,44"
1019200080,5492711.0,"7,79808E+12",FLEXIDOL RELAX,comp.ran.x 10,192.0,RAFFO,1,0,1,0,0,0,"7548,5","6837,41","9435,62"
1019200081,5492712.0,"7,79808E+12",FLEXIDOL RELAX,comp.ran.x 20,192.0,RAFFO,1,0,4,0,-3,0,"14806,31","13092,19","18507,89"
1002100335,6436842.0,"7,79038E+12",FLOGOCOX,90 mg comp.rec.x 28,21.0,BAGÓ,1,0,1,0,0,0,"26427,07","23937,57","33033,84"
1004600116,6041974.0,"7,79537E+12",FLUTIVENT HFA,125/25 mcg dosis x 120,46.0,CASSARÁ,1,0,1,0,0,0,24768,"20671,5",30960
1004600114,6042004.0,"7,79537E+12",FLUTIVENT HFA,250/25 mcg dosis x 120,46.0,CASSARÁ,1,0,2,0,-1,0,26696,"23797,1",33370
1022600085,6339841.0,"7,79537E+12",FLUXAP,20 mg comp.rec.x 30,226.0,TRB-PHARMA,2,0,2,0,0,0,"19720,01","17277,55","24650,01"
1010309201,3560652.0,"7,79218E+12",FOXETIN 10,10 mg comp.x 30,103.0,GADOR,1,0,1,0,0,0,"13118,54","11241,18","16398,17"
1012000028,5830391.0,"7,7953E+12",FREVIA,80/4.5 mcg x 120 dosis,120.0,ASTRAZENECA,1,0,2,0,-1,0,"52038,37","44490,85","65047,96"
1004602802,4228582.0,"7,79537E+12",FUSIMED B,emuls.x 50 g,46.0,CASSARÁ,1,0,1,0,0,0,12328,"10727,06",15410
1010300058,3124477.0,"7,79218E+12",GADOPRIL,20 mg comp.ran.x 60,103.0,GADOR,1,0,1,0,0,0,"14320,18","12481,7","17900,23"
1019204302,3366872.0,"7,79808E+12",GARDOTON,comp.x 60,192.0,RAFFO,1,0,1,0,0,0,"11079,3","5972,27","13849,12"
1015700004,5248114.0,"7,79218E+12",GASTEC,40 mg caps.x 28,157.0,LABORATORIOS BE,1,0,5,0,-4,0,"27820,63","24140,28","34775,79"
1010300339,5719265.0,"7,79218E+12",GAVIN,300 mg caps.x 30,103.0,GADOR,1,0,3,0,-2,0,"43359,32","34639,16","54199,15"
1018400005,5098442.0,"7,79537E+12",GLAUCOPROST,sol.oft.x 3 ml,714.0,MAX VISION,2,0,2,0,0,0,16800,"14463,18",21000
1016207602,4336812.0,"7,79538E+12",GLEMAZ,4 mg comp.trirran.x 30,162.0,MONTPELLIER,1,0,2,0,-1,0,"10897,96","9640,78","13622,45"
1016200006,4336652.0,"7,79538E+12",GLEMAZ 2,2 mg comp.ran.x 30,162.0,MONTPELLIER,2,0,2,0,0,0,"5985,77","5386,45","7482,21"
1016204902,3397482.0,"7,79538E+12",GLIDANIL,comp.x 60,162.0,MONTPELLIER,2,0,2,0,0,0,"11298,21","9516,79","14122,76"
1002114101,4645532.0,"7,79038E+12",GLIOSARTAN,40 mg comp.x 28,21.0,BAGÓ,2,0,4,0,-2,0,"40779,45","35254,32","50974,31"
1002106903,3028861.0,"7,79038E+12",GLIOTEN,20 mg comp.x 30,21.0,BAGÓ,1,0,1,0,0,0,"8519,94","7439,74","10649,93"
1002106905,3396731.0,"7,79038E+12",GLIOTEN,5 mg comp.x 30,21.0,BAGÓ,1,0,2,0,-1,0,4278,"3807,13","5347,5"
1002107302,4041371.0,"7,79038E+12",GLIOTENZIDE,20 mg comp.x 30,21.0,BAGÓ,2,0,2,0,0,0,"12476,78","10889,73","15595,98"
1015100001,4954173.0,"7,79629E+12",GLUCOPHAGE,1000 mg comp.x 60,498.0,ELEA,1,0,1,0,0,0,"36713,02","32005,01","45891,28"
1015106101,4402801.0,"7,79629E+12",GLUCOPHAGE,500 mg comp.x 30,498.0,ELEA,3,0,3,0,0,0,"6892,61","6066,61","8615,76"
1015100020,5571682.0,"7,79629E+12",GLUCOPHAGE XR 500,LP 500 mg comp.x 60,498.0,ELEA,1,0,3,0,-2,0,"23583,62","20958,92","29479,53"
1015100053,5796261.0,"7,79629E+12",GLUCOPHAGE XR 750,LP 750 mg comp.x 30,498.0,ELEA,1,0,2,0,-1,0,"16549,77","14990,73","20687,21"
1019300035,6164844.0,"7,79176E+12",HIPERMET,500 mg comp.rec.x 40,193.0,RAYMOS-MEGALABS,1,0,2,0,-1,0,"15687,38","13249,08","19609,23"
1062800013,5824552.0,"7,79535E+12",HIPERVAL 160,comp.rec.x 28,194.0,RICHMOND,1,0,1,0,0,0,"21673,55","19631,84","27091,94"
1010300148,4261572.0,"7,79218E+12",HIPOGLUT 2,2 mg comp.x 30,103.0,GADOR,1,0,2,0,-1,0,"6183,87","5467,96","7729,84"
1010300154,5844974.0,"7,79218E+12",HIPOGLUT MET,2mg/500mg x 30 comp.,103.0,GADOR,1,0,1,0,0,0,"7611,64","6648,36","9514,55"
1004507803,5782973.0,"7,79191E+12",HIPOLIPOL,20 mg comp.rec.x 28,45.0,CASASCO,2,0,3,0,-1,0,"22872,77","20146,01","28590,96"
1002115401,4913082.0,"7,79038E+12",HUMORAP,20 mg comp.x 28,21.0,BAGÓ,1,0,1,0,0,0,"23102,42","20789,33","28878,02"
1010700170,9955069.0,"7,79464E+12",IBU EVANOL MAX RAPIDA ACCION,caps.blandas x 20,906.0,GLAXOSMITHKLINE,1,0,3,0,-2,0,"4781,3","4288,84","5976,63"
1053711401,3104833.0,"7,79182E+12",IBUPIRAC 600 MG,comp.x 20,179.0,PFIZER,1,0,2,0,-1,0,"7932,66","6978,59","9915,83"
1053711402,3104835.0,"7,79182E+12",IBUPIRAC 600 MG,comp.x 50,179.0,PFIZER,3,0,4,37,-1,-37,"18471,43","15656,92","23089,29"
1019200083,5513421.0,"7,79808E+12",IDENA,150 mg comp.rec.x 1,192.0,RAFFO,4,0,4,0,0,0,"20627,77","18332,03","25784,71"
1002306402,4843453.0,"7,79534E+12",ILDUC,10 mg comp.ran.x 30,23.0,BALIARDA,1,0,4,0,-3,0,"17403,02","15763,6","21753,77"
1016200166,3407111.0,"7,79538E+12",INDALTEN,10 mg comp.x 30,162.0,MONTPELLIER,1,0,2,0,-1,0,"16143,6","13270,46","20179,5"
1020300138,5505844.0,"7,79535E+12",INDUCTAL,3 mg comp.rec.x 30,203.0,ROEMMERS,1,0,1,0,0,0,"12717,89","10548,25","15897,36"
1020300042,5162122.0,"7,79535E+12",IRAZEM,10 mg comp.x 30,203.0,ROEMMERS,1,0,3,0,-2,0,"18133,22","15039,74","22666,52"
1004510209,4535982.0,"7,79191E+12",ISET,250 mg comp.x 16,45.0,CASASCO,1,0,1,0,0,0,"12181,91","10097,09","15227,39"
1004500356,6514842.0,"7,79191E+12",ISET RESPIRATORIO,500/60 mg comp.x 16,45.0,CASASCO,1,0,1,0,0,0,"18280,56","15925,23","22850,7"
1012500157,6638971.0,"7,79813E+12",ISIS FREE SIN ESTROGENOS,comp.rec.x 28,903.0,SIEGFRIED,4,0,4,0,0,0,"18392,85","15784,65","22991,06"
1005600000,4938753.0,"7,79223E+12",ISLOTIN 1000,1000 mg comp.rec.x 100,56.0,CRAVERI,1,0,2,0,-1,0,"37015,97","30844,7","46269,96"
1005600139,4938754.0,"7,79223E+12",ISLOTIN 1000,1000 mg comp.rec.x 30,56.0,CRAVERI,1,0,1,0,0,0,"13156,06","10906,95","16445,08"
1005602504,3923823.0,"7,79223E+12",ISLOTIN RETARD,850 mg comp.rec.AP x 100,56.0,CRAVERI,2,0,2,0,0,0,"31154,28","28219,46","38942,85"
1005602502,3923822.0,"7,79223E+12",ISLOTIN RETARD,850 mg comp.rec.AP x 60,56.0,CRAVERI,1,0,3,0,-2,0,"19499,6","17662,68","24374,5"
1005600076,5790682.0,"7,79223E+12",ISLOTIN XR,500 mg comp.rec.AP x 60,56.0,CRAVERI,1,0,2,0,-1,0,"21673,79","18889,19","27092,24"
1005600100,6145971.0,"7,79223E+12",ISLOTIN XR 750,750 mg comp.rec.AP x 30,56.0,CRAVERI,1,0,2,0,-1,0,"18026,09","16327,98","22532,61"
1005600112,6145972.0,"7,79223E+12",ISLOTIN XR 750,750 mg comp.rec.AP x 60,56.0,CRAVERI,2,0,1,0,1,0,"33674,82","30502,56","42093,53"
1004500291,5077262.0,"7,79191E+12",ISOBLOC,12.5 mg comp.x 60,45.0,CASASCO,1,0,2,0,-1,0,"15777,22","13957,17","19721,53"
1004500002,3704291.0,"7,79191E+12",ISOBLOC,25 mg comp.x 30,45.0,CASASCO,1,0,1,0,0,0,"12122,62","10980,64","15153,28"
1015200047,5997421.0,"7,79799E+12",JANUMET,50/850 mg comp.x 56,803.0,MSD ARGENTINA S,1,0,2,0,-1,0,"73993,72","67023,3","92492,15"
1015200040,5639391.0,"7,79799E+12",JANUVIA,50 mg comp.x 28,803.0,MSD ARGENTINA S,2,0,3,0,-1,0,"64081,12","58044,49","80101,4"
2007900005,5880841.0,"7,79629E+12",KEMOTER 100 MG,comp.rec.x 30,498.0,ELEA,4,0,4,0,0,0,"51601,9","44599,21","64502,37"
1007900314,6072131.0,"7,79629E+12",KEMOTER XR 50 MG,comp.rec.x 30,498.0,ELEA,1,0,2,0,-1,0,"67307,36","59241,34","84134,2"
1019200229,5678132.0,"7,79808E+12",KIRUMELLE,comp.rec.x 28 (21+7),192.0,RAFFO,1,0,2,0,-1,0,"16178,71","13572,91","20223,39"
1025700028,6094841.0,"7,7953E+12",KOMBIGLYZE XR,2.5/1000mg comp.rec.x 56,120.0,ASTRAZENECA,1,0,1,0,0,0,"111225,63","88531,77","139032,04"
1013801302,2147922.0,"7,79535E+12",LACTULON,jbe.x 250 ml,138.0,LAZAR,1,0,3,0,-2,0,"12128,23","10442,35","15160,29"
1060000009,5460711.0,"7,7981E+12",LAGRIMA DORF,sol.oft.x 10 ml,600.0,PHARMADORF,2,0,2,0,0,0,"3747,75","2734,65","4684,69"
1007900023,5135041.0,"7,79629E+12",LAMIRAX,200 mg comp.dispers.x 30,498.0,ELEA,1,0,2,0,-1,0,"54907,55","45564,25","68634,44"
1010701802,745002.0,"7,79535E+12",LANOXIN (DIGOXINA),0.25 mg comp.x 50,203.0,ROEMMERS,3,0,3,0,0,0,"9057,94","7667,91","11322,43"
1020304302,3494084.0,"7,79535E+12",LANZOPRAL,caps.x 30,203.0,ROEMMERS,1,0,1,0,0,0,"18477,48","15719,73","23096,85"
1070300039,377985.0,"7,79531E+12",LASIX,40 mg comp.x 30,703.0,SANOFI-AVENTIS,1,0,4,0,-3,0,"16502,74","13754,09","20628,43"
1011700602,377983.0,"7,79531E+12",LASIX,40 mg comp.x 50,703.0,SANOFI-AVENTIS,5,0,5,35,0,-35,"27504,22","23074,7","34380,27"
1058500029,578068.0,"7,79357E+12",LATLAS TEARS,fco.gotero x 15 ml,797.0,LAB INTERNACION,2,0,3,0,-1,0,"9637,79","8729,88","12047,24"
1053712901,3703701.0,"7,79808E+12",LEBOCAR,100/25 comp. x 30,179.0,PFIZER,1,0,1,0,0,0,"11728,5","10285,44","14660,63"
1053712902,3703702.0,"7,79808E+12",LEBOCAR,100/25 comp. x 60,179.0,PFIZER,1,0,2,0,-1,0,"19731,39","16772,36","24664,24"
1053712702,3111342.0,"7,79808E+12",LEBOCAR,250/25 comp. x 60,179.0,PFIZER,1,0,2,0,-1,0,"29326,39","26563,76","36657,99"
1010300102,5489266.0,"7,79218E+12",LERCADIP,20 mg comp.rec.x 30,103.0,GADOR,2,0,2,0,0,0,"28794,7","25461,15","35993,37"
1058100002,5061592.0,"7,79809E+12",LEXAPRO,10 mg comp.rec.x 28,581.0,LUNDBECK,2,0,2,0,0,0,"33104,75","29986,19","41380,94"
1007900046,5193960.0,"7,79185E+12",LICUAGEN,100 mg comp.x 30,498.0,ELEA,1,0,1,0,0,0,"26677,48","23571,35","33346,85"
1007900045,5193800.0,"7,79185E+12",LICUAGEN,50 mg comp.x 30,498.0,ELEA,1,0,2,0,-1,0,"14749,97","12540,76","18437,46"
1020300106,3890322.0,"7,79535E+12",LIDIL CORT,spray nasal x 120 ds.,203.0,ROEMMERS,1,0,3,0,-2,0,"7474,06","6358,56","9342,57"
1002300189,5778002.0,"7,79534E+12",LINPREL 150,150 mg caps.x 28,23.0,BALIARDA,1,0,1,0,0,0,"32405,14","28886,58","40506,43"
1007900273,6056001.0,"7,79629E+12",LINUS,comp.x 30,498.0,ELEA,1,0,3,0,-2,0,"29967,35","26382,65","37459,19"
1009511901,4361642.0,"7,79117E+12",LIPAREX,10 mg comp.rec.x 30,95.0,FINADIET,2,0,2,0,0,0,"15978,19","13918,7","19972,74"
1009511902,4361722.0,"7,79117E+12",LIPAREX,20 mg comp.rec.x 30,95.0,FINADIET,1,0,2,0,-1,0,"26596,72","22330,53","33245,9"
1007900447,5921392.0,"7,79629E+12",LIPEX,10 mg comp.x 30,498.0,ELEA,1,0,1,0,0,0,"14777,27","13385,21","18471,59"
1007900448,5921422.0,"7,79629E+12",LIPEX,20 mg comp.x 30,498.0,ELEA,2,0,2,0,0,0,"26930,54","22999,79","33663,18"
1051800000,5046101.0,"7,79533E+12",LIPIBEC,40 mg comp.rec.x 30,518.0,TEVA ARGENTINA,1,0,1,0,0,0,"45730,55","40891,54","57163,19"
1051800092,5887391.0,"7,79533E+12",LIPIBEC PLUS,10/10 mg comp.x 30,518.0,TEVA ARGENTINA,1,0,2,0,-1,0,"27439,37","23955,33","34299,21"
1019210001,4495972.0,"7,79808E+12",LIPIFEN,10 mg comp.x 30,192.0,RAFFO,1,0,3,0,-2,0,"19699,86","17844,07","24624,82"
1019210002,4495892.0,"7,79808E+12",LIPIFEN,20 mg comp.x 30,192.0,RAFFO,5,0,7,0,-2,0,"32649,01","28148,1","40811,26"
1019200199,6283682.0,"7,79808E+12",LIPIFEN,40 mg comp.x 30,192.0,RAFFO,1,0,1,0,0,0,"38010,4","30809,01",47513
1017700101,4257951.0,"7,79538E+12",LIPITOR,10 mg comp.x 30,914.0,ASPEN PHARMA,1,0,2,0,-1,0,"24995,13","21414,11","31243,91"
1017700102,4258021.0,"7,79538E+12",LIPITOR,20 mg comp.x 30,914.0,ASPEN PHARMA,2,0,2,0,0,0,"41132,01","37257,25","51415,01"
1017700106,4258101.0,"7,79538E+12",LIPITOR,40 mg comp.x 30,914.0,ASPEN PHARMA,1,0,1,0,0,0,"44710,72","38305,08","55888,4"
1015707102,4359682.0,"7,79218E+12",LIPOCAMBI,10 mg comp.x 30,157.0,LABORATORIOS BE,1,0,1,0,0,0,"20265,75","18356,66","25332,19"
1015707103,4359762.0,"7,79218E+12",LIPOCAMBI,20 mg comp.x 30,157.0,LABORATORIOS BE,2,0,4,0,-2,0,"34382,54","29968,37","42978,17"
1051805704,2413575.0,"7,79533E+12",LOGICAL,400 mg comp.x 60,518.0,TEVA ARGENTINA,2,0,4,0,-2,0,"48078,1","40394,47","60097,62"
1017703301,2971361.0,"7,79538E+12",LOPID 600,comp.x 30,179.0,PFIZER,1,0,2,0,-1,0,"21357,45","18157,52","26696,81"
1004500299,4101683.0,"7,79191E+12",LOPLAC,50 mg comp.x 60,45.0,CASASCO,1,0,2,0,-1,0,"27035,72","24488,88","33794,65"
1004500061,5483132.0,"7,79191E+12",LOPLAC D,100 mg/25 mg comp.x 30,45.0,CASASCO,1,0,2,0,-1,0,"17978,4","16284,78",22473
1007900288,6187391.0,"7,79629E+12",LOPRED BIOTIC,susp.oft.x 5 ml,498.0,ELEA,1,0,1,0,0,0,"9221,31","8352,64","11526,64"
1020700708,2646725.0,"7,79538E+12",LORAZEPAN CHOBET,1 mg comp.subling.x 50,207.0,SOUBEIRAN CHOBE,2,0,1,0,1,0,"7396,33","6129,74","9245,41"
1020300022,5114073.0,"7,79535E+12",LOSACOR D,100/25 mg comp.rec.x 30,203.0,ROEMMERS,1,0,3,0,-2,0,"17162,5","14528,73","21453,13"
1020304901,4024043.0,"7,79535E+12",LOSACOR D,50/12.5 mg comp.rec.x 30,203.0,ROEMMERS,1,0,2,9,-1,-9,"15796,77","13974,47","19745,96"
1022900130,3132131.0,"7,79534E+12",LOSTAPRES,10 mg comp.x 30,229.0,TEMIS-LOSTALÓ,1,0,2,0,-1,0,"33855,24","30128,95","42319,05"
1020300076,2844724.0,"7,79535E+12",LOTRIAL,10 mg comp.x 60,203.0,ROEMMERS,1,0,12,0,-11,0,"11242,43","10183,36","14053,04"
1020300072,3280984.0,"7,79535E+12",LOTRIAL,2.5 mg comp.x 60,203.0,ROEMMERS,2,0,2,0,0,0,"4045,91","3425,02","5057,39"
1020300073,2844642.0,"7,79535E+12",LOTRIAL,5 mg comp.x 30,203.0,ROEMMERS,1,0,1,0,0,0,"3459,73","2999,08","4324,66"
1023005201,2997781.0,"7,79838E+12",LOTRICOMB,cr.x 30 g,172.0,ORGANON ARG.,1,0,1,0,0,0,"12680,97","10077,86","15851,21"
1018400001,5044851.0,"7,79537E+12",LOUTEN T,colirio x 2.5 ml,184.0,POEN,1,0,3,0,-2,0,"17332,9","15700,09","21666,12"
1009500107,5948422.0,"7,79117E+12",LUDASTERIN,0.5 mg comp.x 30,95.0,FINADIET,1,0,1,0,0,0,"27471,38","22107,06","34339,22"
1014404101,4916551.0,"8,05408E+12",LUMIGAN,0.03% sol.oft.x 3 ml,144.0,ABBVIE (EX ALLE,1,0,1,0,0,0,"16862,62","14630,39","21078,27"
1014400018,6025261.0,"8,05408E+12",LUMIGAN RC,0.01% fco.gotero x 3 ml,144.0,ABBVIE (EX ALLE,1,0,2,0,-1,0,"18019,22","15423,31","22524,02"
1017900142,5384133.0,"7,79538E+12",LYRICA,150 mg caps.x 30,914.0,ASPEN PHARMA,2,0,4,0,-2,0,"37495,54","29543,23","46869,43"
1017900143,5383714.0,"7,79538E+12",LYRICA,25 mg caps.x 30,914.0,ASPEN PHARMA,3,0,3,0,0,0,"8373,64","7584,82","10467,05"
1017900148,5383975.0,"7,79538E+12",LYRICA,75 mg caps.x 30,914.0,ASPEN PHARMA,4,0,4,0,0,0,"23700,74","21059,15","29625,93"
1002300083,3382116.0,"7,79534E+12",MAXEN,10 mg comp.rec.ran.x 60,23.0,BALIARDA,1,0,2,0,-1,0,"12277,7","10768,05","15347,12"
1000902802,2971861.0,"7,79374E+12",MEBUTAR COMPUESTO,comp.rec.x 6,9.0,ANDRÓMACO,1,0,3,0,-2,0,"8992,53","7955,68","11240,66"
1003209002,4805833.0,"7,79533E+12",MECANYL,1500 mg gran.sob.x 30,32.0,BETA,1,0,1,0,0,0,"10760,39","9065,01","13450,49"
1003200102,3538051.0,"7,79533E+12",MEDILAXAN,comp.rec.x 30,32.0,BETA,1,0,1,0,0,0,"11744,86","10638,46","14681,08"
1013800125,5398392.0,"7,79535E+12",MEDOBIS,850 mg comp. x 60,138.0,LAZAR,2,0,2,0,0,0,"11926,46","10146,45","14908,08"
1020300010,5111854.0,"7,79535E+12",MERIDIAN 20,20 mg comp.rec.x 30,203.0,ROEMMERS,2,0,2,0,0,0,"37261,66","31669,59","46577,08"
1009500072,5585001.0,"7,79117E+12",MESEL,150 mg comp.rec.x 1,95.0,FINADIET,1,0,2,0,-1,0,"17184,85","13846,39","21481,06"
1009500091,5728264.0,"7,79117E+12",MESOTEROL 20,20 mg comp.rec.x 30,95.0,FINADIET,2,0,2,0,0,0,"19708,84","17178,54","24636,05"
1016207401,3981901.0,"7,79538E+12",METAFLEX PLUS,comp.rec.x 20,162.0,MONTPELLIER,1,0,2,0,-1,0,"11122,97","8923,03","13903,71"
1022907904,4387302.0,"7,79534E+12",METFORMIN TEMIS,850 mg comp.rec.x 60,229.0,TEMIS-LOSTALÓ,1,0,1,0,0,0,"18878,59","17100,17","23598,24"
1012500090,6171974.0,"7,79813E+12",METGLUCON 500 AP,500 mg comp.rec.AP x 60,903.0,SIEGFRIED,2,0,1,0,1,0,"13266,84","10688,91","16583,55"
1012500056,5232512.0,"7,79813E+12",METGLUCON 850 AP,850 mg comp.rec.AP x 60,903.0,SIEGFRIED,1,0,1,0,0,0,"13666,46","11578,22","17083,08"
1022600040,5488553.0,"7,79537E+12",METILPRES,20 mg comp.ran.x 20,226.0,TRB-PHARMA,1,0,2,0,-1,0,13360,"11543,48",16700
1032800402,3765421.0,"7,79537E+12",METRONIDAZOL VANNIER,susp.x 120 ml,328.0,VANNIER,1,0,1,0,0,0,"8119,28","6645,81","10149,1"
1003606401,4573921.0,"4,04885E+12",MICARDIS,40 mg comp.x 28,36.0,BOEHRINGER INGE,1,0,1,0,0,0,"54935,38","44948,18","68669,23"
1003600040,6017841.0,"4,04885E+12",MICARDIS AMLO,40/5 mg comp.x 28,36.0,BOEHRINGER INGE,1,0,1,0,0,0,62328,"50993,4",77910
1016201202,3032481.0,"7,79538E+12",MIGRAL,500 mg comp.x 20,162.0,MONTPELLIER,1,0,1,0,0,0,"6015,15","5295,29","7518,94"
1016203402,2837552.0,"7,79538E+12",MIGRAL COMPOSITUM,comp.x 50,162.0,MONTPELLIER,1,0,1,0,0,0,"14658,02","12483,61","18322,52"
1015704201,3745623.0,"7,79218E+12",MIOPROPAN 200,comp.x 30,157.0,LABORATORIOS BE,2,0,2,0,0,0,"7745,98","7016,29","9682,48"
1015704904,4071231.0,"7,79218E+12",MISULTINA,500 mg comp.rec.x 3,157.0,LABORATORIOS BE,1,0,1,0,0,0,"8454,69","7009,68","10568,36"
1018011408,4711023.0,"7,79185E+12",MOSAR,5 mg comp.rec.x 30,498.0,ELEA,1,0,1,0,0,0,"13616,04","11526,73","17020,05"
1025708301,3333021.0,"7,79535E+12",MUCOLITIC ANTITUSIVO,jbe.x 100 ml,203.0,ROEMMERS,2,0,2,0,0,0,"11055,43","9313,56","13819,29"
1019202912,3512713.0,"7,79808E+12",MUTUM,150 mg comp.x 4,192.0,RAFFO,2,0,2,0,0,0,"16455,13","14695,89","20568,91"
1007900327,2619754.0,"7,79629E+12",MYLANTA II,comp.x 30,498.0,ELEA,1,0,1,0,0,0,"11182,99","9657,15","13978,74"
1007900328,2619755.0,"7,79629E+12",MYLANTA II,comp.x 60,498.0,ELEA,0,48,1,22,0,-34,"20814,57","18413,41","26018,21"
1007900480,9953205.0,"7,79629E+12",MYLANTA TABLETAS,Frutilla comp.mast.x 96,498.0,ELEA,0,80,1,74,0,-90,"22032,67","18606,34","27540,84"
1007900483,9953217.0,"7,79629E+12",MYLANTA TABLETAS,Limón comp.mast.x 96,498.0,ELEA,0,80,1,80,-1,0,"22032,67","19957,13","27540,84"
1019200097,5748711.0,"7,79808E+12",NABILA,5 mg comp.x 28,192.0,RAFFO,4,0,5,0,-1,0,"10801,59","9784,05","13501,99"
1019200036,5145752.0,"7,79808E+12",NABRATIN,75 mg comp.rec.x 30,192.0,RAFFO,1,0,2,0,-1,0,"33679,65","30143,75","42099,56"
1075400017,4584815.0,"7,79533E+12",NACLOR,0.9% sol. oft. x 10 ml,754.0,NOVOPLOS,1,0,1,0,0,0,6320,5000,7900
1000902003,3101021.0,"7,79374E+12",NAPRUX,500 mg comp.x 20,9.0,ANDRÓMACO,1,0,1,0,0,0,"16842,54","15255,93","21053,18"
1067900101,6340841.0,"7,79535E+12",NEBICOR D,5/12.5 mg comp.rec. x 28,138.0,LAZAR,1,0,2,0,-1,0,"8699,71","7880,17","10874,64"
1018012302,4911682.0,"7,79185E+12",NEFAZAN,75 mg comp.x 30,498.0,ELEA,1,0,5,0,-4,0,"38953,5","35283,97","48691,88"
1018012102,4903182.0,"7,79185E+12",NEUMOTEROL 200,caps.x 120 + aplic.,498.0,ELEA,3,0,5,0,-2,0,"53281,62","48262,34","66602,03"
1018012101,4903181.0,"7,79185E+12",NEUMOTEROL 200,caps.x 60 + aplic.,498.0,ELEA,2,0,3,0,-1,0,"39215,79","34356,24","49019,74"
1018000052,5360971.0,"7,79185E+12",NEUMOTEROL 400,caps.x 60 + aplic.,498.0,ELEA,2,0,2,0,0,0,"53216,86","48203,68","66521,08"
1004500191,5870262.0,"7,79191E+12",NEURISTAN,75 mg caps.x 30,45.0,CASASCO,2,0,4,0,-2,0,"22619,28","19382,3","28274,1"
1002300227,4491092.0,"7,79534E+12",NEUROPLUS,10 mg comp.rec.ran.x 30,23.0,BALIARDA,3,0,3,0,0,0,"22137,2","20051,81","27671,5"
1002300328,4491096.0,"7,79534E+12",NEUROPLUS,10 mg comp.rec.ran.x 60,23.0,BALIARDA,1,0,1,0,0,0,"40181,3","34470,09","50226,63"
1002300181,5861553.0,"7,79534E+12",NEUROPLUS,20 mg comp.rec.ran.x 30,23.0,BALIARDA,3,0,3,0,0,0,"28598,56","25601,97","35748,2"
1022602201,4387061.0,"7,79537E+12",NEUROTIOCT,200 mg comp.x 30,226.0,TRB-PHARMA,2,0,2,0,0,0,"14560,01","12061,84","18200,01"
1022602202,4387221.0,"7,79537E+12",NEUROTIOCT,600 mg comp.x 30,226.0,TRB-PHARMA,2,0,2,0,0,0,21600,"19082,13",27000
1002100054,4736371.0,"7,79038E+12",NEURYL,0.5 mg comp.x 30,21.0,BAGÓ,2,0,4,0,-2,0,"7296,85","6103,56","9121,06"
1002114301,4736372.0,"7,79038E+12",NEURYL,0.5 mg comp.x 50,21.0,BAGÓ,1,0,4,0,-3,0,"10040,46","9035,18","12550,57"
1002114304,4813252.0,"7,79038E+12",NEURYL,1 mg comp.x 50,21.0,BAGÓ,1,0,3,0,-2,0,"10018,27","8725,09","12522,84"
1007900065,5233251.0,"7,79629E+12",NEUTOP,25 mg comp.rec.x 28,498.0,ELEA,1,0,1,0,0,0,"15107,08","13425,76","18883,85"
1012000041,5773391.0,"7,7953E+12",NEXIUM,10 mg sobres x 28,120.0,ASTRAZENECA,1,0,1,0,0,0,"34075,06","30424,51","42593,83"
1012005702,4849732.0,"7,7953E+12",NEXIUM,20 mg comp.rec.x 28,120.0,ASTRAZENECA,1,0,2,0,-1,0,"27543,53","24316,09","34429,41"
1002300412,6125843.0,"7,79534E+12",NIDIB,5 mg comp.birran.x 30,23.0,BALIARDA,1,0,1,0,0,0,"10052,7","9105,71","12565,88"
1051807102,3981162.0,"7,79535E+12",NITEN,comp.x 30,518.0,TEVA ARGENTINA,1,0,2,0,-1,0,"14788,38","12818,91","18485,48"
1019205303,4149541.0,"7,79808E+12",NIVAS PLUS,comp.rec.x 30,192.0,RAFFO,1,0,1,0,0,0,"28507,89","24360,72","35634,86"
1001802201,4848161.0,"7,79802E+12",NORMALIP,10 mg comp.rec.x 30,18.0,EUROFARMA,1,0,1,0,0,0,"22428,71","16557,3","28035,89"
1019200187,6205552.0,"7,79808E+12",NOSTER D,160/12.5/5 mg comp.x 28,192.0,RAFFO,3,0,6,0,-3,0,"35405,98","32070,63","44257,47"
1002100145,5701133.0,"7,79038E+12",NOVO HUMORAP,10 mg comp.rec.x 28,21.0,BAGÓ,1,0,2,0,-1,0,"26357,99","22313,08","32947,49"
1002100144,5701263.0,"7,79038E+12",NOVO HUMORAP,20 mg comp.rec.x 28,21.0,BAGÓ,1,0,1,0,0,0,"47267,3","40013,63","59084,13"
1007900359,6292421.0,"7,79629E+12",OLOPAT F,0.2% sol.oft.x 2.5 ml,498.0,ELEA,1,0,4,0,-3,0,"17862,06","16073,65","22327,57"
1002300265,5646133.0,"7,79534E+12",OPTISER 20,20 mg comp.rec.ran.x 30,23.0,BALIARDA,1,0,1,0,0,0,"37785,78","33561,66","47232,22"
1004500304,6392551.0,"7,79191E+12",OTEVIL,16 mg comp.x 30,45.0,CASASCO,1,0,1,0,0,0,"9865,55","8794,35","12331,94"
1021200037,5896683.0,"7,79801E+12",PANTOMETYL 40,comp.x 30,212.0,SANITAS,1,0,2,0,-1,0,10640,"9193,64",13300
1002305602,4605354.0,"7,79534E+12",PANTUS 20,20mg comp.rec.gastr.x 30,23.0,BALIARDA,2,0,0,0,2,0,"8161,93","7393,05","10202,41"
1002305502,4422944.0,"7,79534E+12",PANTUS 40,40mg comp.rec.gastr.x 30,23.0,BALIARDA,1,0,5,0,-4,0,"13340,74","12084,01","16675,93"
1002100070,3543741.0,"7,79038E+12",PARKINEL,250 mg/25 mg comp.x 30,21.0,BAGÓ,3,0,3,0,0,0,"15352,52","12805,07","19190,65"
1010300273,5555133.0,"7,79218E+12",PAXON D,100/12.5 mg comp.rec.x30,103.0,GADOR,1,0,2,0,-1,0,"17144,85","15529,75","21431,06"
1010300274,5289353.0,"7,79218E+12",PAXON D,100/25 mg comp.rec.x 30,103.0,GADOR,1,0,1,0,0,0,"17305,58","15102,53","21631,97"
1010300207,4099552.0,"7,79218E+12",PAXON D,50/12.5 mg comp.rec.x 60,103.0,GADOR,2,0,3,0,-1,0,"30904,3","26646,57","38630,37"
1004500300,3674763.0,"7,79191E+12",PELMEC,10 mg comp.x 60,45.0,CASASCO,2,0,2,0,0,0,"34912,1","29969,53","43640,13"
1004510302,4657331.0,"7,79191E+12",PELMEC DUO,5/10 mg caps.x 30,45.0,CASASCO,2,0,3,0,-1,0,"17574,45","15413,52","21968,06"
1012500100,6236844.0,"7,79813E+12",PGB,75 mg caps.x 30,903.0,SIEGFRIED,1,0,1,0,0,0,"21768,46","18337,21","27210,58"
1012500110,6236684.0,"7,79813E+12",PGB 75 MULTIDOSIS,75 mg comp.multid.x 30,903.0,SIEGFRIED,2,0,3,0,-1,0,"23490,6","21277,72","29363,25"
1020700027,2240806.0,"7,79538E+12",PLATSUL-A,cr.x 350 g,207.0,SOUBEIRAN CHOBE,1,0,1,0,0,0,"47333,03","39714,7","59166,29"
1002100056,4085516.0,"7,79038E+12",PLENACOR,25 mg comp.x 30,21.0,BAGÓ,1,0,3,0,-2,0,"5228,03","4403,73","6535,04"
1002112002,4713683.0,"7,79038E+12",PLENACOR D,comp.x 30,21.0,BAGÓ,2,0,2,0,0,0,"19730,9","16786,04","24663,62"
1020300192,5574684.0,"7,79535E+12",PLENICA,25 mg caps.x 30,203.0,ROEMMERS,1,0,2,0,-1,0,"7931,88","6714,65","9914,85"
1020300157,5574844.0,"7,79535E+12",PLENICA,75 mg caps.x 30,203.0,ROEMMERS,1,0,4,0,-3,0,"21520,34","18195,15","26900,42"
1020300213,6038132.0,"7,79535E+12",PLENICA 75 PRACTIDOSIS,75 mg comp.x 15,203.0,ROEMMERS,2,0,4,0,-2,0,"11382,29","9587,61","14227,86"
1020300246,6038134.0,"7,79535E+12",PLENICA 75 PRACTIDOSIS,75 mg comp.x 30,203.0,ROEMMERS,1,0,3,0,-2,0,"22588,22","19179,67","28235,28"
1020300049,5116793.0,"7,79535E+12",PLIDAN,5 mg comp.rec.x 50,203.0,ROEMMERS,1,0,1,0,0,0,"8152,41","6901,32","10190,51"
1020300176,5733687.0,"7,79535E+12",PLIDEX 200,comp.x 30,203.0,ROEMMERS,2,0,3,0,-1,0,"7765,28","6589,96","9706,6"
1020300283,6122396.0,"7,79535E+12",PLIDEX S,200/120 mg comp.rec.x 30,203.0,ROEMMERS,1,0,2,0,-1,0,"9383,88","7999,15","11729,85"
1020300110,5367554.0,"7,79535E+12",PLIDEX T,comp.rec.x 50,203.0,ROEMMERS,1,0,2,0,-1,0,"10925,45","9271,83","13656,81"
1018403203,2857435.0,"7,79537E+12",POENTIMOL,0.50% colirio x 5 ml,184.0,POEN,1,0,2,0,-1,0,"5588,15","4722,08","6985,19"
1004504102,2938293.0,"7,79191E+12",POLPER B12 FORTE,comp.x 30,45.0,CASASCO,2,0,3,0,-1,0,"40863,66","37014,18","51079,57"
1006700048,6291682.0,"7,79533E+12",PRAZODEX,40 mg caps.x 28,67.0,DOMÍNGUEZ,1,0,1,0,0,0,"29349,38","26068,38","36686,73"
1019200124,5846976.0,"7,79808E+12",PREBICTAL,75 mg caps.x 28,192.0,RAFFO,1,0,2,0,-1,0,"21704,22","19659,62","27130,27"
1002100378,4136333.0,"7,79038E+12",PRESIMAX,50 mg comp.rec.x 60,21.0,BAGÓ,1,0,1,0,0,0,"25947,18","22449,65","32433,97"
1019300030,4857311.0,"7,79814E+12",PRESS OUT T,sol.oft.x 5 ml,714.0,MAX VISION,1,0,1,0,0,0,14280,"12041,06",17850
1051808402,3141622.0,"7,79535E+12",PROCELAC,20 mg caps.x 28,518.0,TEVA ARGENTINA,1,0,2,0,-1,0,"14972,98","13562,48","18716,22"
1015700110,5553683.0,"7,79218E+12",PROCETOKEN,200 mg caps.x 30,157.0,LABORATORIOS BE,2,0,2,0,0,0,"19645,1","17458,74","24556,38"
1021703302,2588491.0,"7,79536E+12",PROFLAX,0.50% sol.oft.x 5 ml,217.0,SIDUS,7,0,7,0,0,0,"12089,06","9990,19","15111,33"
1002300417,6198973.0,"7,79534E+12",PROSTOKLAR DUO,caps.lib.controlada x 30,23.0,BALIARDA,1,0,1,0,0,0,"37805,6","33805,17",47257
1019200131,4950952.0,"7,79808E+12",QUETIAZIC,100 mg comp.x 60,192.0,RAFFO,1,0,1,0,0,0,"77913,14","65037,51","97391,43"
1019200130,4950873.0,"7,79808E+12",QUETIAZIC,25 mg comp.x 60,192.0,RAFFO,1,0,1,0,0,0,"46817,59","41060,98","58521,99"
1019200179,5979393.0,"7,79808E+12",QUETIAZIC XR,50 mg comp.acc.prol.x 30,192.0,RAFFO,1,0,2,0,-1,0,"60387,09","49776,78","75483,86"
1067900103,6223683.0,"7,79535E+12",RACORVAL 3D,160/5/12.5mg comp.recx28,203.0,ROEMMERS,1,0,1,0,0,0,"33694,14","28382,04","42117,68"
1019210101,4483911.0,"7,79808E+12",REDUPROST,0.4 mg caps.x 30,192.0,RAFFO,2,0,2,0,0,0,"28754,73","26045,95","35943,41"
1015400058,4651472.0,"7,79533E+12",REFENAX CARAMELOS EXPECTORANTES,caram.blister x 9,154.0,MONSERRAT,1,0,1,0,0,0,2920,"859,17",3650
1009500154,2323983.0,"7,79117E+12",REGULANE,comp.x 30,95.0,FINADIET,1,0,2,0,-1,0,"6736,58","5665,02","8420,72"
1009500129,6413552.0,"7,79117E+12",REGULANE CB,caps.bl.x 20,95.0,FINADIET,1,0,1,0,0,0,"6564,54","5632,54","8205,68"
1003200095,5941711.0,"7,79533E+12",RIBASTAMIN 150 MG,comp.rec.x 1,32.0,BETA,3,0,3,0,0,0,"12496,92","10960,32","15621,15"
1010307302,3813013.0,"7,79218E+12",RISPERIN,1 mg comp.x 60,103.0,GADOR,2,0,2,0,0,0,"20074,47","17758,69","25093,09"
1010307304,3813192.0,"7,79218E+12",RISPERIN,2 mg comp.x 60,103.0,GADOR,2,0,2,0,0,0,"45434,32","40193,05","56792,9"
1020202608,2290564.0,"7,79826E+12",RIVOTRIL,0.5 mg comp.x 60,823.0,BIOPAS ARGENTIN,1,0,1,0,0,0,"9750,68","8385,06","12188,35"
1020000099,5309554.0,"7,79824E+12",RONISTINA,16 mg comp.x 30,200.0,RONTAG,1,0,1,0,0,0,"9705,61","7920,75","12132,01"
1065100069,6426391.0,"7,79812E+12",ROSTAZINA,25 mg comp.rec.x 30,651.0,ROSPAW,1,0,1,0,0,0,"7863,94","6094,56","9829,93"
1004500177,5870552.0,"7,79191E+12",ROSTRUM,100 mg comp.x 30,45.0,CASASCO,1,0,1,0,0,0,"48793,64","44197,14","60992,05"
1019200234,5379551.0,"7,79808E+12",ROSUFEN,10 mg comp.rec.x 30,909.0,NOLTER,3,0,6,0,-3,0,"13741,26","12446,79","17176,57"
1019200235,5379681.0,"7,79808E+12",ROSUFEN,20 mg comp.rec.x 30,909.0,NOLTER,1,0,2,0,-1,0,"25319,14","14450,83","31648,93"
1019200236,6409551.0,"7,79808E+12",ROSUFEN,5 mg comp.rec.x 30,909.0,NOLTER,1,0,2,0,-1,0,"9267,21","8098,07","11584,01"
1019200321,6626681.0,"7,79808E+12",ROSUFEN DUO,20/10 mg comp. x 30,909.0,NOLTER,1,0,1,0,0,0,"31913,84","28769,91","39892,3"
1002100411,5208265.0,"7,79038E+12",ROSUVAST,10 mg comp.x 30,21.0,BAGÓ,1,0,1,0,0,0,"15116,93","12833,44","18896,16"
1002100077,5421712.0,"7,79038E+12",ROSUVAST,5 mg comp.x 28,21.0,BAGÓ,3,0,8,0,-5,0,"10907,67","9750,99","13634,59"
1002100416,5421713.0,"7,79038E+12",ROSUVAST,5 mg comp.x 30,21.0,BAGÓ,2,0,2,0,0,0,"9895,2","8640,64",12369
1020300191,5209615.0,"7,79535E+12",ROVARTAL,20 mg comp.rec.x 30,203.0,ROEMMERS,1,0,4,0,-3,0,"22349,89","19014,18","27937,36"
1002300214,5714843.0,"7,79534E+12",SARVAL,320 mg comp.rec.x 30,23.0,BALIARDA,1,0,2,0,-1,0,"24064,9","20436,86","30081,13"
1002300139,5552713.0,"7,79534E+12",SARVAL D 160/12.5,160/12.5 mg comp.rec.x30,23.0,BALIARDA,1,0,4,0,-3,0,"21101,42","19113,6","26376,77"
1002300140,5552683.0,"7,79534E+12",SARVAL D 80/12.5,80/12.5 mg comp.rec.x 30,23.0,BALIARDA,2,0,2,0,0,0,"18793,15","16531,74","23491,44"
1010709003,4898401.0,"7,79837E+12",SERETIDE AEROSOL HFA,25/250mcg HFA dosis x120,107.0,GLAXOSMITHKLINE,3,0,6,0,-3,0,"59964,79","54315,94","74955,99"
1002110702,4415191.0,"7,79038E+12",SEROQUEL,100 mg comp.x 30,21.0,BAGÓ,2,0,2,0,0,0,"53153,05","48145,88","66441,31"
1012500064,5615687.0,"7,79813E+12",SIDERBLUT POLI,comp.x 60,903.0,SIEGFRIED,1,0,2,0,-1,0,"13285,06","10978,65","16606,33"
1010300032,5234746.0,"7,79218E+12",SINLIP,20 mg comp.rec.x 30,103.0,GADOR,2,0,4,0,-2,0,"21745,22","18581,6","27181,52"
1010300158,5234749.0,"7,79218E+12",SINLIP,20 mg comp.rec.x 60,103.0,GADOR,1,0,2,0,-1,0,"42031,45","36813,24","52539,31"
1010300264,5234816.0,"7,79218E+12",SINLIP,40 mg comp.rec.x 30,103.0,GADOR,1,0,2,0,-1,0,"37161,38","33660,67","46451,72"
1019400049,5501552.0,"7,79535E+12",SOSTEL,20 mg comp.rec.x 30,194.0,RICHMOND,1,0,3,0,-2,0,"28512,87","24430,5","35641,09"
1019200195,5615007.0,"7,79808E+12",SUPRACAM,40 mg comp.x 30,909.0,NOLTER,2,0,3,0,-1,0,"11436,82","9769,46","14296,02"
1020211803,3933722.0,"7,79364E+12",SUPRADYN FORTE,Efer.comp.x 30 Nar.s/az.,654.0,BAYER CONSUMER,1,0,4,0,-3,0,"19101,6","17302,17",23877
1051800075,5622971.0,"7,79533E+12",SYNCROCOR,5 mg comp.x 28,518.0,TEVA ARGENTINA,1,0,1,0,0,0,"12319,66","10501,54","15399,57"
1000500012,6139841.0,"7,79209E+12",SYSTANE GEL EN GOTAS,gel oft.en gotas x 10 ml,5.0,ALCON,1,0,2,0,-1,0,"16696,72","13897,84","20870,9"
1016205701,3855692.0,"7,79538E+12",T4 MONTPELLIER 150,150 mcg comp.x 50,162.0,MONTPELLIER,1,0,4,0,-3,0,"18787,93","17018,05","23484,91"
1016200016,5148391.0,"7,79538E+12",T4 MONTPELLIER 200,200 mcg comp.x 50,162.0,MONTPELLIER,1,0,2,0,-1,0,"23614,64","20333,77","29518,3"
1019407301,4297712.0,"7,79535E+12",TACARDIA,50 mg comp.x 30,194.0,RICHMOND,1,0,2,0,-1,0,"13922,13","12025,34","17402,66"
1062800009,4297714.0,"7,79535E+12",TACARDIA,50 mg comp.x 60,194.0,RICHMOND,2,0,3,0,-1,0,"26870,6","23317,04","33588,25"
1019400066,5842423.0,"7,79535E+12",TALPRAM 20,comp.rec.x 30,194.0,RICHMOND,1,0,2,0,-1,0,"37951,11","34376,01","47438,89"
1009500038,5465002.0,"7,79117E+12",TANSILOPROST,0.4 mg caps.x 30,95.0,FINADIET,5,0,6,0,-1,0,"27611,11","23375,47","34513,89"
1009500093,5465003.0,"7,79117E+12",TANSILOPROST,0.4 mg caps.x 60,95.0,FINADIET,1,0,1,0,0,0,"45473,38","37820,12","56841,72"
1009500118,6211131.0,"7,79117E+12",TANSILOPROST DUO,0.5/0.4 mg caps.x 30,95.0,FINADIET,2,0,3,0,-1,0,"39908,55","32347,6","49885,69"
1019300055,872305.0,"7,79176E+12",TANVIMIL EBA,caps.x 60,193.0,RAYMOS-MEGALABS,1,0,1,0,0,0,"12213,99","10288,76","15267,49"
1020300334,2982175.0,"7,79535E+12",TAURAL F 20,20 mg comp.x 60,203.0,ROEMMERS,2,0,2,0,0,0,"11080,02","9716,14","13850,02"
1020300336,2982252.0,"7,79535E+12",TAURAL F 40,40 mg comp.x 30,203.0,ROEMMERS,1,0,1,0,0,0,"11937,76","10440,8","14922,2"
1004510101,3649771.0,"7,79191E+12",TENCAS,10 mg comp.x 30,45.0,CASASCO,1,0,2,0,-1,0,"6142,94","5564,25","7678,67"
1004500071,5449131.0,"7,79191E+12",TENCAS D,10/25 mg comp.x 30,45.0,CASASCO,1,0,2,0,-1,0,"9066,64","7924,81","11333,3"
1002304702,4251755.0,"7,79534E+12",TENSIUM,0.5 mg comp.ran.x 60,23.0,BALIARDA,1,0,1,0,0,0,"7068,77","6218,17","8835,96"
1002304703,4251833.0,"7,79534E+12",TENSIUM,1 mg comp.ran.x 30,23.0,BALIARDA,2,0,3,0,-1,0,"5755,15","5079,33","7193,94"
1015700007,4904411.0,"7,79218E+12",TERBENOL DUO,comp.x 30,157.0,LABORATORIOS BE,1,0,3,0,-2,0,"14530,98","12470,76","18163,72"
1015700139,4904412.0,"7,79218E+12",TERBENOL DUO,comp.x 60,157.0,LABORATORIOS BE,1,0,2,0,-1,0,"27337,37","23901,5","34171,71"
1051800115,3725742.0,"7,79534E+12",TERLOC,5 mg comp.x 60,518.0,TEVA ARGENTINA,1,0,1,0,0,0,"21246,07","19244,63","26557,59"
1020302201,2770212.0,"7,79535E+12",TERMOFREN,gts.x 20 ml,203.0,ROEMMERS,1,0,5,0,-4,0,"4706,06","4220,1","5882,58"
1005601202,1725102.0,"7,79813E+12",TETRALGIN,comp.x 20,903.0,SIEGFRIED,1,0,1,0,0,0,"6067,43","5074,51","7584,29"
1005601203,1725103.0,"7,79813E+12",TETRALGIN,comp.x 50,903.0,SIEGFRIED,1,0,2,0,-1,0,"14230,34","11813,27","17787,92"
1004500230,6153841.0,"7,79191E+12",TOFLUX,600 mg sob.x 10,45.0,CASASCO,1,0,2,0,-1,0,"8565,16","7396,15","10706,45"
1012706302,4159861.0,"7,79531E+12",TOPAMAC,50 mg comp.x 28,127.0,JANSSEN-CILAG,1,0,2,0,-1,0,"29824,14","25498,53","37280,18"
1002306902,4674243.0,"7,79534E+12",TORIVAS,20 mg comp.rec.ran.x 30,23.0,BALIARDA,1,0,1,0,0,0,"35144,72","31833,99","43930,9"
1002300008,4674246.0,"7,79534E+12",TORIVAS,20 mg comp.rec.ran.x 60,23.0,BALIARDA,1,0,2,0,-1,0,"61870,42","53346,46","77338,03"
1022903101,2774271.0,"7,79534E+12",TOTAL MAGNESIANO VITAMINA C,comp.efer.x 24,229.0,TEMIS-LOSTALÓ,1,0,1,0,0,0,"21764,67","19714,38","27205,84"
1005600119,6216974.0,"7,79223E+12",TRADON 60 MR,60mg comp.lib.modif.x 60,56.0,CRAVERI,2,0,2,0,0,0,"47316,68","39858,39","59145,85"
1002100005,2766432.0,"7,79038E+12",TRANQUINAL,0.5 mg comp.x 30,21.0,BAGÓ,1,0,1,0,0,0,"4060,94","3561,48","5076,18"
1002100270,2766515.0,"7,79038E+12",TRANQUINAL,1 mg comp.x 60,21.0,BAGÓ,1,0,2,0,-1,0,"11823,44","10373,23","14779,3"
1002104904,2766693.0,"7,79038E+12",TRANQUINAL,2 mg comp.x 50,21.0,BAGÓ,2,0,2,0,0,0,"16825,16","14336,02","21031,45"
1002100271,2766695.0,"7,79038E+12",TRANQUINAL,2 mg comp.x 60,21.0,BAGÓ,1,0,1,0,0,0,"19093,3","17051,99","23866,62"
1013108412,2070285.0,"7,79538E+12",TRAPAX,2.5 mg comp.x 60,179.0,PFIZER,2,0,2,0,0,0,"9493,97","8234,58","11867,46"
1000506001,4908551.0,"7,79531E+12",TRAVATAN,sol.oft.x 2.5 ml,5.0,ALCON,1,0,2,0,-1,0,"15448,05","13992,8","19310,06"
1025900027,6314261.0,"7,79538E+12",TRIPLIXAM,10/2.5/5mg comp.rec.x30,259.0,SERVIER,1,0,1,0,0,0,"50802,15","43744,03","63502,69"
1021700702,675136.0,"7,79038E+12",TRYPTANOL,25 mg comp.x 100,21.0,BAGÓ,1,0,2,0,-1,0,"31810,94","26578,96","39763,67"
1002100265,3149064.0,"7,79038E+12",ULCOZOL,20 mg caps.x 15,21.0,BAGÓ,1,0,1,0,0,0,"9745,34","8827,3","12181,67"
1002100266,3149065.0,"7,79038E+12",ULCOZOL,20 mg caps.x 30,21.0,BAGÓ,1,0,3,0,-2,0,"18891,23","16512,56","23614,04"
1002100156,3149223.0,"7,79038E+12",ULCOZOL,40 mg caps.x 28,21.0,BAGÓ,2,0,2,0,0,0,"32471,12","28039,32","40588,9"
1019200302,6599552.0,"7,79808E+12",ULTRAGESIC CB,50 mg caps.bl. x 20,192.0,RAFFO,2,0,1,0,1,0,"9033,18","7609,32","11291,47"
1019200225,6361556.0,"7,79808E+12",ULTRAGESIC PLUS,37.5/325 mg comp.x 20,192.0,RAFFO,1,0,3,0,-2,0,"15030,38","13100,72","18787,97"
1019200226,6361558.0,"7,79808E+12",ULTRAGESIC PLUS,37.5/325 mg comp.x 30,192.0,RAFFO,1,0,2,0,-1,0,"18990,39","17201,44","23737,99"
1000102603,3061194.0,"7,79044E+12",VALCOTE,500 mg comp.x 50,829.0,ABBOTT EPD,1,0,4,0,-3,0,"40663,86","36316,3","50829,83"
1020201906,968272.0,"7,79813E+12",VALIUM,10 mg comp.x 50,903.0,SIEGFRIED,2,0,2,0,0,0,"9812,67","8307,37","12265,84"
1022904302,3004182.0,"7,79534E+12",VAPRESAN,10 mg comp.x 60,229.0,TEMIS-LOSTALÓ,1,0,1,0,0,0,"15021,86","12852,78","18777,33"
1020300098,5335394.0,"7,79535E+12",VASOTENAL EZ,10/10 mg comp.x 30,203.0,ROEMMERS,2,0,2,0,0,0,"14215,52",12034,"17769,4"
1020300122,5335424.0,"7,79535E+12",VASOTENAL EZ,20/10 mg comp.x 30,203.0,ROEMMERS,2,0,2,0,0,0,"13643,47","11549,73","17054,34"
1025900003,5182391.0,"7,79538E+12",VASTAREL LP,comp.x 60,259.0,SERVIER,1,0,2,0,-1,0,"22108,59","18715,35","27635,74"
1019415502,4764833.0,"7,79535E+12",VASTINA,20 mg comp.x 30,194.0,RICHMOND,1,0,2,0,-1,0,"35208,48","30550,25","44010,6"
1019200214,6363711.0,"7,79808E+12",VEDIPAL,1000 mg comp.x 30,192.0,RAFFO,2,0,3,0,-1,0,"30997,67","27547,83","38747,09"
1004500006,4714412.0,"7,79191E+12",VENART,caps.x 60,45.0,CASASCO,1,0,1,0,0,0,"36869,49","32968,12","46086,86"
1004500121,5505421.0,"7,79191E+12",VENART,cr.x 30 g,45.0,CASASCO,1,0,1,0,0,0,"8551,91","7746,3","10689,89"
1020700033,2877732.0,"7,79538E+12",VERALDID 500/150,500/150 comp.x 60,207.0,SOUBEIRAN CHOBE,1,0,1,0,0,0,"33010,05","27805,28","41262,56"
1007900460,5830712.0,"7,79629E+12",VERATEN UD,40 mg caps.lib.ext.x 30,498.0,ELEA,1,0,1,0,0,0,"24875,14","19604,09","31093,92"
1020300069,5267785.0,"7,79535E+12",VIMAX 50,50 mg comp.mast.x 6,203.0,ROEMMERS,2,0,2,0,0,0,"46,94","7267,82","10785,32"
1053721501,2799101.0,"7,79182E+12",XANAX,0.50 mg comp.x 30,914.0,ASPEN PHARMA,1,0,2,0,-1,0,"3463,08","2864,08","4328,85"
1002305704,4635712.0,"7,79534E+12",XEDENOL,75 mg comp.lib.prol.x 30,23.0,BALIARDA,1,0,1,0,0,0,"20038,42","17685,34","25048,03"
1010300245,6152841.0,"7,79799E+12",XELEVIA,100 mg comp.rec.x 28,103.0,GADOR,2,0,5,0,-3,0,"58369,34","52870,78","72961,67"
1010300249,6147422.0,"7,79799E+12",XELEVIA MET,50/1000 mg comp.rec.x 56,103.0,GADOR,1,0,1,0,0,0,"70959,02","64274,48","88698,78"
1013802801,3245255.0,"7,79535E+12",XICLOVIR,200 mg comp.rec.x 30,138.0,LAZAR,1,0,2,0,-1,0,"10079,18","8868,85","12598,98"
1019200246,6421971.0,"7,79808E+12",XUMER,120 mg comp.rec.x 7,192.0,RAFFO,1,0,3,0,-2,0,"9584,34","7994,78","11980,43"
1012000005,70302.0,"7,79824E+12",YECTAFER,a.x 5,200.0,RONTAG,1,0,2,0,-1,0,"23123,72","19349,55","28904,65"
1018010101,4280881.0,"7,79629E+12",ZARATOR,10 mg comp.x 30,498.0,ELEA,2,0,4,0,-2,0,"22168,27","20079,96","27710,34"
1018010102,4280961.0,"7,79629E+12",ZARATOR,20 mg comp.x 30,498.0,ELEA,2,0,2,0,0,0,"37726,97","34172,98","47158,71"
1018010105,4281031.0,"7,79629E+12",ZARATOR,40 mg comp.x 30,498.0,ELEA,1,0,1,0,0,0,"42109,05","35325,81","52636,31"
1017902003,4071071.0,"7,79538E+12",ZOLOFT,50 mg tab.ran.x 30,914.0,ASPEN PHARMA,1,0,2,0,-1,0,"17415,56","15174,02","21769,45"
1019200227,5175101.0,"7,79808E+12",ZOLPLAT,100 mg comp.x 30,909.0,NOLTER,1,0,3,0,-2,0,"23312,61","21116,49","29140,76"
1018000110,5437711.0,"7,79629E+12",ZOPIROL DM,sol.oft.x 5 ml,498.0,ELEA,1,0,4,0,-3,0,"18828,81","15952,48","23536,01"
1025102202,4767301.0,"7,79808E+12",ZUNDIC,10 mg comp.x 30,909.0,NOLTER,1,0,1,0,0,0,"17170,99","10294,96","21463,74"
1025102201,4767221.0,"7,79808E+12",ZUNDIC,5 mg comp.x 30,909.0,NOLTER,1,0,2,0,-1,0,"10647,2","9396,91",13309
1003900090,6451131.0,"7,7953E+12",ZURCAL,20 mg comp.x 30,192.0,RAFFO,1,0,1,0,0,0,"7642,02","6560,13","9552,53"
1003900091,6451261.0,"7,7953E+12",ZURCAL,40 mg comp.x 30,192.0,RAFFO,1,0,2,0,-1,0,"12145,23","10826,5","15181,54"
2020200010,9940741.0,"4,01563E+12",ACCU-CHEK PERFORMA 50,tiras reactivas x 50,826.0,ROCHE DIABETES,8,0,8,0,0,0,"65880,99","71896,5",99645
1069400015,9949769.0,"3,829E+11",AGUJAS BD ULTRAFINE 5MM 31G,31G x 5mm caja x 100,694.0,BD,1,0,1,0,0,0,"19372,56","20478,55",29301
Totales,,,,,,,653,208,986,317,-331,-265,,,
